{"cameraMode":{"drawMode":0,"name":"Shaded","section":"Shading Mode"},"sceneLighting":true,"audioPlay":false,"sceneViewState":{"m_AlwaysRefresh":true,"showFog":true,"showSkybox":true,"showFlares":true,"showImageEffects":true,"showParticleSystems":true,"showVisualEffectGraphs":true,"m_FxEnabled":true},"in2DMode":false,"pivot":{"x":18.611488342285158,"y":7.165482044219971,"z":-13.729327201843262},"rotation":{"x":0.17074096202850343,"y":-0.44151994585990908,"z":0.0859052836894989,"w":0.8767123818397522},"size":6.250574588775635,"orthographic":false}