{"cameraMode":{"drawMode":0,"name":"Shaded","section":"Shading Mode"},"sceneLighting":false,"audioPlay":false,"sceneViewState":{"m_AlwaysRefresh":true,"showFog":true,"showSkybox":false,"showFlares":true,"showImageEffects":true,"showParticleSystems":true,"showVisualEffectGraphs":true,"m_FxEnabled":true},"in2DMode":false,"pivot":{"x":9.819999694824219,"y":0.10000002384185791,"z":-5.070000171661377},"rotation":{"x":-0.2498548924922943,"y":0.39662280678749087,"z":-0.11309287697076798,"w":-0.8760942220687866},"size":1.7320507764816285,"orthographic":false}